District,Station
Bagalkot,Amengad PS
Bagalkot,Badami PS
Bagalkot,Bagalkot
Bagalkot,Bagalkot CEN Crime PS
Bagalkot,Bagalkot Rural PS
Bagalkot,Bagalkot Town PS
Bagalkot,Bagalkot Traffic PS
Bagalkot,Bagalkot Women PS
Bagalkot,Banahatti PS
Bagalkot,Bilagi PS
Bagalkot,Computer Sec Bagalkot
Bagalkot,Control Room Bagalkot
Bagalkot,DAR Bagalkot
Bagalkot,DCRB Bagalkot
Bagalkot,DCRE Bagalkot
Bagalkot,DPO Bagalkot
Bagalkot,DSB Bagalkot
Bagalkot,ESCOM Bagalkot
Bagalkot,FPB Bagalkot
Bagalkot,Guledagudda PS
Bagalkot,Hungunda PS
Bagalkot,Ilakal PS
Bagalkot,Ilakal Rural PS
Bagalkot,Jamakhandi Rural PS
Bagalkot,Jamakhandi Town PS
Bagalkot,Kaladagi PS
Bagalkot,Kerur PS
Bagalkot,Lokapur PS
Bagalkot,Lokayukta Bagalkot
Bagalkot,MCU Bagalkot
Bagalkot,Mahalingapur PS
Bagalkot,Mudhol PS
Bagalkot,Navanagara PS
Bagalkot,SMMC Bagalkot
Bagalkot,Savalgi PS
Bagalkot,State INT Bagalkot
Bagalkot,Teradal PS
Ballari,APMC Yard PS
Ballari,Ballari
Ballari,Ballari CEN Crime PS
Ballari,Ballari Women PS
Ballari,Bellary Rural PS
Ballari,Bellary Traffic PS
Ballari,Brucepet PS
Ballari,Choranuru PS
Ballari,Computer Sec Ballari
Ballari,Control Room Ballari
Ballari,Cowlbazar PS
Ballari,DAR Ballari
Ballari,DCRB Ballari
Ballari,DCRE Ballari
Ballari,DPO Ballari
Ballari,DSB Ballari
Ballari,ESCOM Ballari
Ballari,FPB Ballari
Ballari,Gandhinagar PS
Ballari,Hatcholli PS
Ballari,Kampli PS
Ballari,Kuduthini PS
Ballari,Kurugod PS
Ballari,Lokayukta Ballari
Ballari,MCU Ballari
Ballari,Moka PS
Ballari,P.D. Halli PS
Ballari,SMMC Ballari
Ballari,Sandur PS
Ballari,Sirigeri PS
Ballari,Siruguppa PS
Ballari,State INT Ballari
Ballari,Tekkalkota PS
Ballari,Thoranagal PS
Belagavi City,APMC Yard PS
Belagavi City,Bagewadi PS
Belagavi City,Belagavi City
Belagavi City,Belagavi City CEN Crime PS
Belagavi City,Belagavi City Women PS
Belagavi City,Belagavi Rural PS
Belagavi City,Belgaum North Traffic PS
Belagavi City,Belgaum South Traffic PS
Belagavi City,Camp PS
Belagavi City,Computer Sec Belagavi City
Belagavi City,Control Room Belagavi City
Belagavi City,DAR Belagavi City
Belagavi City,DCRB Belagavi City
Belagavi City,DCRE Belagavi City
Belagavi City,DPO Belagavi City
Belagavi City,DSB Belagavi City
Belagavi City,ESCOM Belagavi City
Belagavi City,FPB Belagavi City
Belagavi City,Kakati PS
Belagavi City,Khadebazar PS
Belagavi City,Lokayukta Belagavi City
Belagavi City,MCU Belagavi City
Belagavi City,Malamaruthi PS
Belagavi City,Marihal PS
Belagavi City,Market PS
Belagavi City,SMMC Belagavi City
Belagavi City,Shahapura PS
Belagavi City,State INT Belagavi City
Belagavi City,Tilakwadi PS
Belagavi City,Udyambag PS
Belagavi Dist,Ankalgi PS
Belagavi Dist,Ankali PS
Belagavi Dist,Athani PS
Belagavi Dist,Bailahongal PS
Belagavi Dist,Basaweshwar Chowk PS
Belagavi Dist,Belagavi CEN Crime PS
Belagavi Dist,Belagavi Dist
Belagavi Dist,Belagavi Women PS
Belagavi Dist,Chikkodi PS
Belagavi Dist,Chikkodi Town Traffic PS
Belagavi Dist,Computer Sec Belagavi Dist
Belagavi Dist,Control Room Belagavi Dist
Belagavi Dist,DAR Belagavi Dist
Belagavi Dist,DCRB Belagavi Dist
Belagavi Dist,DCRE Belagavi Dist
Belagavi Dist,DPO Belagavi Dist
Belagavi Dist,DSB Belagavi Dist
Belagavi Dist,Doddawad PS
Belagavi Dist,ESCOM Belagavi Dist
Belagavi Dist,FPB Belagavi Dist
Belagavi Dist,Ghataprabha PS
Belagavi Dist,Gokak Rural PS
Belagavi Dist,Gokak Town PS
Belagavi Dist,Harugeri PS
Belagavi Dist,Hukkeri PS
Belagavi Dist,Kagwad PS
Belagavi Dist,Katkol PS
Belagavi Dist,Khadakalat PS
Belagavi Dist,Khanapur PS
Belagavi Dist,Kittur PS
Belagavi Dist,Kudachi PS
Belagavi Dist,Kulgod PS
Belagavi Dist,Lokayukta Belagavi Dist
Belagavi Dist,MCU Belagavi Dist
Belagavi Dist,Mudalgi PS
Belagavi Dist,Murgod PS
Belagavi Dist,Nandagad PS
Belagavi Dist,Nesargi PS
Belagavi Dist,Nippani Rural PS
Belagavi Dist,Nippani Town PS
Belagavi Dist,Raibag PS
Belagavi Dist,Ramadurga PS
Belagavi Dist,SMMC Belagavi Dist
Belagavi Dist,Sadalaga PS
Belagavi Dist,Sankeshwar PS
Belagavi Dist,Soundatti PS
Belagavi Dist,State INT Belagavi Dist
Belagavi Dist,Yamakanmardi PS
Bengaluru City,Adugodi PS
Bengaluru City,Adugodi Traffic PS
Bengaluru City,Airport Traffic PS
Bengaluru City,Amruthahally PS
Bengaluru City,Annapoorneshwari Nagar PS
Bengaluru City,Ashoknagar PS
Bengaluru City,BIAL PS
Bengaluru City,Bagalagunte PS
Bengaluru City,Bagalur PS
Bengaluru City,Banasawadi Traffic PS
Bengaluru City,Banashankari PS
Bengaluru City,Banashankari Traffic PS
Bengaluru City,Banaswadi PS
Bengaluru City,Bandepalya PS
Bengaluru City,Basavanagudi PS
Bengaluru City,Basavanagudi Traffic PS
Bengaluru City,Basavanagudi Women PS
Bengaluru City,Basaveshwara Nagar PS
Bengaluru City,Beguru PS
Bengaluru City,Bellanduru PS
Bengaluru City,Bellanduru Traffic PS
Bengaluru City,Bengaluru City
Bengaluru City,Bharathi Nagar PS
Bengaluru City,Bommanahalli PS
Bengaluru City,Byadarahalli PS
Bengaluru City,Byappanahalli PS
Bengaluru City,Byatarayanapura PS
Bengaluru City,Byatrarayanapura Traffic PS
Bengaluru City,Central CEN Crime PS
Bengaluru City,Chamarajpet PS
Bengaluru City,Chandra Layout PS
Bengaluru City,Channammanakere Achu Kattu PS
Bengaluru City,Chickpet Traffic PS
Bengaluru City,Chikkajala PS
Bengaluru City,Chikkajala Traffic PS
Bengaluru City,City Market PS
Bengaluru City,City Market Traffic PS
Bengaluru City,Commercial Street PS
Bengaluru City,Computer Sec Bengaluru City
Bengaluru City,Control Room Bengaluru City
Bengaluru City,Cottonpet PS
Bengaluru City,Cubbon Park PS
Bengaluru City,Cubbonpark Traffic PS
Bengaluru City,Cyber Crime Police Station
Bengaluru City,DAR Bengaluru City
Bengaluru City,DCRB Bengaluru City
Bengaluru City,DCRE Bengaluru City
Bengaluru City,DPO Bengaluru City
Bengaluru City,DSB Bengaluru City
Bengaluru City,Devanahalli PS
Bengaluru City,Devanahalli Traffic PS
Bengaluru City,Devarajeevanahalli PS
Bengaluru City,ESCOM Bengaluru City
Bengaluru City,East CEN Crime PS
Bengaluru City,East Zone Women PS
Bengaluru City,Electronic City PS
Bengaluru City,Electronic City Traffic PS
Bengaluru City,FPB Bengaluru City
Bengaluru City,Gangammana Gudi PS
Bengaluru City,Girinagar PS
Bengaluru City,Govindapura PS
Bengaluru City,Govindaraja Nagar PS
Bengaluru City,H.A.L. PS
Bengaluru City,HSR Lay Out Traffic PS
Bengaluru City,HSR Layout PS
Bengaluru City,Halasur Gate Traffic PS
Bengaluru City,Halasur PS
Bengaluru City,Halasur Traffic PS
Bengaluru City,Halasurgate PS
Bengaluru City,Hanumanthanagar PS
Bengaluru City,Hebbal PS
Bengaluru City,Hebbal Traffic PS
Bengaluru City,Hennur PS
Bengaluru City,Hennur Traffic PS
Bengaluru City,High Grounds PS
Bengaluru City,High Grounds Traffic PS
Bengaluru City,Hulimavu PS
Bengaluru City,Hulimavu Traffic PS
Bengaluru City,Indiranagar PS
Bengaluru City,J.C. Nagar PS
Bengaluru City,Jagajeevanram Nagar PS
Bengaluru City,Jalahalli PS
Bengaluru City,Jalahalli Traffic PS
Bengaluru City,Jayanagar PS
Bengaluru City,Jayanagar Traffic PS
Bengaluru City,Jayaprakash Nagar PS
Bengaluru City,Jeevan Bheemanagar PS
Bengaluru City,Jeevan Bhima Nagar (Indiranagar) Traffic PS
Bengaluru City,Jnanabharathi PS
Bengaluru City,K G Halli Traffic PS
Bengaluru City,K.R. Puram PS
Bengaluru City,K.R.Puram Traffic PS
Bengaluru City,Kadugodi PS
Bengaluru City,Kadugondana Halli PS
Bengaluru City,Kalasipalya PS
Bengaluru City,Kamakshipalya PS
Bengaluru City,Kamakshipalya Traffic PS
Bengaluru City,Kempapura Agrahara PS
Bengaluru City,Kempegowda Nagar PS
Bengaluru City,Kengeri PS
Bengaluru City,Kengeri Traffic PS
Bengaluru City,Kodigehalli PS
Bengaluru City,Konanakunte PS
Bengaluru City,Koramangala PS
Bengaluru City,Kothanur PS
Bengaluru City,Kumaraswamy Layout PS
Bengaluru City,Kumaraswamy Layout Traffic PS
Bengaluru City,Lokayukta Bengaluru City
Bengaluru City,MCU Bengaluru City
Bengaluru City,Madivala PS
Bengaluru City,Madivala Traffic PS
Bengaluru City,Magadi Road PS
Bengaluru City,Magadi Road Traffic PS
Bengaluru City,Mahadevapura PS
Bengaluru City,Mahadevapura Traffic PS
Bengaluru City,Mahalakshmipuram PS
Bengaluru City,Malleshwaram PS
Bengaluru City,Malleshwaram Traffic PS
Bengaluru City,Marathahalli PS
Bengaluru City,Mico Layout PS
Bengaluru City,Mico Layout Traffic PS
Bengaluru City,Nandini Layout PS
Bengaluru City,North CEN Crime PS
Bengaluru City,NorthEast CEN Crime PS
Bengaluru City,Parappana Agrahara
Bengaluru City,Peenya PS
Bengaluru City,Peenya Traffic PS
Bengaluru City,Pulakeshinagar PS
Bengaluru City,Pulakeshinagar Traffic PS
Bengaluru City,Puttenahalli PS
Bengaluru City,R.M.C. Yard PS
Bengaluru City,R.T. Nagar PS
Bengaluru City,R.T.Nagar Traffic PS
Bengaluru City,Rajagopal Nagar PS
Bengaluru City,Rajajinagar PS
Bengaluru City,Rajajinagar Traffic PS
Bengaluru City,Rajarajeshwari Nagar PS
Bengaluru City,Ramamurthy Nagar PS
Bengaluru City,S.J. Park PS
Bengaluru City,SMMC Bengaluru City
Bengaluru City,Sadashivanagar PS
Bengaluru City,Sadashivanagar Traffic PS
Bengaluru City,Sampangiramanagar PS
Bengaluru City,Sampigehalli PS
Bengaluru City,Sanjay Nagar PS
Bengaluru City,Seshadripuram PS
Bengaluru City,Shankarpura PS
Bengaluru City,Shivajinagar PS
Bengaluru City,Shivajinagar Traffic PS
Bengaluru City,Siddapura PS
Bengaluru City,Soladevanahalli PS
Bengaluru City,South CEN Crime PS
Bengaluru City,SouthEast CEN Crime PS
Bengaluru City,Srirampura PS
Bengaluru City,State INT Bengaluru City
Bengaluru City,Subramanyanagar PS
Bengaluru City,Subramanyapura PS
Bengaluru City,Suddaguntepalya PS
Bengaluru City,Test PS City 1
Bengaluru City,Test PS City 2
Bengaluru City,Thalaghattapura PS
Bengaluru City,Thalaghattapura Traffic PS
Bengaluru City,Thilaknagar PS
Bengaluru City,Upparpet PS
Bengaluru City,Upparpet Traffic PS
Bengaluru City,V V Puram Traffic PS
Bengaluru City,Varthur PS
Bengaluru City,Vidhana Soudha PS
Bengaluru City,Vidyaranyapura PS
Bengaluru City,Vijayanagar PS
Bengaluru City,Vijayanagar Traffic PS
Bengaluru City,Vishveshwarapuram PS
Bengaluru City,Viveknagar PS
Bengaluru City,Vyalikaval PS
Bengaluru City,West CEN Crime PS
Bengaluru City,Whitefield CEN Crime PS
Bengaluru City,Whitefield PS
Bengaluru City,Whitefield Traffic PS
Bengaluru City,Wilsongarden PS
Bengaluru City,Wilsongarden Traffic PS
Bengaluru City,Yelahanka New Town PS
Bengaluru City,Yelahanka PS
Bengaluru City,Yelahanka Traffic PS
Bengaluru City,Yeshwanthapura PS
Bengaluru City,Yeshwanthapura Traffic PS
Bengaluru Dist,Anekal PS
Bengaluru Dist,Anugondanahalli PS
Bengaluru Dist,Attibele PS
Bengaluru Dist,Avalahally PS
Bengaluru Dist,Bannerghatta PS
Bengaluru Dist,Bengaluru CEN Crime PS
Bengaluru Dist,Bengaluru Dist
Bengaluru Dist,Bengaluru Dist Women PS
Bengaluru Dist,Chennarayapatana PS
Bengaluru Dist,Computer Sec Bengaluru Dist
Bengaluru Dist,Control Room Bengaluru Dist
Bengaluru Dist,DAR Bengaluru Dist
Bengaluru Dist,DCRB Bengaluru Dist
Bengaluru Dist,DCRE Bengaluru Dist
Bengaluru Dist,DPO Bengaluru Dist
Bengaluru Dist,DSB Bengaluru Dist
Bengaluru Dist,Dobbespet PS
Bengaluru Dist,Doddaballapura Rural PS
Bengaluru Dist,Doddaballapura Town PS
Bengaluru Dist,Doddabelavangala PS
Bengaluru Dist,ESCOM Bengaluru Dist
Bengaluru Dist,FPB Bengaluru Dist
Bengaluru Dist,Hebbagodi PS
Bengaluru Dist,Hosahalli PS
Bengaluru Dist,Hosakote PS
Bengaluru Dist,Hosakote Traffic PS
Bengaluru Dist,Jigani PS
Bengaluru Dist,Lokayukta Bengaluru Dist
Bengaluru Dist,MCU Bengaluru Dist
Bengaluru Dist,Madanayakanahally PS
Bengaluru Dist,Nandagudi PS
Bengaluru Dist,Nelamangala Rural PS
Bengaluru Dist,Nelamangala Town PS
Bengaluru Dist,Nelamangala Traffic PS
Bengaluru Dist,Rajanukunte PS
Bengaluru Dist,SMMC Bengaluru Dist
Bengaluru Dist,Sarjapura PS
Bengaluru Dist,State INT Bengaluru Dist
Bengaluru Dist,Sulibele PS
Bengaluru Dist,Suryanagar PS
Bengaluru Dist,Thirumalashettahalli PS
Bengaluru Dist,Thyamagondlu PS
Bengaluru Dist,Vijayapura PS
Bengaluru Dist,Vishwanathapura PS
Bidar,Aurad PS
Bidar,Bagdal PS
Bidar,Basava Kalyana Rural PS
Bidar,Basava Kalyana Town PS
Bidar,Basava Kalyana Traffic PS
Bidar,Bemalkhed PS
Bidar,Bhalki Rural PS
Bidar,Bhalki Town PS
Bidar,Bidar
Bidar,Bidar CEN Crime PS
Bidar,Bidar Rural PS
Bidar,Bidar Town PS
Bidar,Bidar Traffic PS
Bidar,Bidar Women PS
Bidar,Chintaki PS
Bidar,Chitaguppa PS
Bidar,Computer Sec Bidar
Bidar,Control Room Bidar
Bidar,DAR Bidar
Bidar,DCRB Bidar
Bidar,DCRE Bidar
Bidar,DPO Bidar
Bidar,DSB Bidar
Bidar,Dhannura PS
Bidar,ESCOM Bidar
Bidar,FPB Bidar
Bidar,Gandhi Gunj PS
Bidar,Hallikhed PS
Bidar,Hokrana PS
Bidar,Hulsoor PS
Bidar,Humnabad PS
Bidar,Humnabad Traffic PS
Bidar,Janwada PS
Bidar,Kamalanagar PS
Bidar,Khataka Chincholi PS
Bidar,Kushnoor PS
Bidar,Lokayukta Bidar
Bidar,MCU Bidar
Bidar,Manna Ekhelli PS
Bidar,Mannalli PS
Bidar,Manthala PS
Bidar,Market PS
Bidar,Mehakar PS
Bidar,Mudbi PS
Bidar,New Town PS
Bidar,SMMC Bidar
Bidar,Santhapur PS
Bidar,State INT Bidar
Chamarajanagar,Begur PS
Chamarajanagar,Chamarajanagar
Chamarajanagar,Chamarajanagar CEN Crime PS
Chamarajanagar,Chamarajanagar East PS
Chamarajanagar,Chamarajanagar Rural PS
Chamarajanagar,Chamarajanagar Town PS
Chamarajanagar,Chamarajanagar Traffic PS
Chamarajanagar,Chamrajanagar Women ps
Chamarajanagar,Computer Sec Chamarajanagar
Chamarajanagar,Control Room Chamarajanagar
Chamarajanagar,DAR Chamarajanagar
Chamarajanagar,DCRB Chamarajanagar
Chamarajanagar,DCRE Chamarajanagar
Chamarajanagar,DPO Chamarajanagar
Chamarajanagar,DSB Chamarajanagar
Chamarajanagar,ESCOM Chamarajanagar
Chamarajanagar,FPB Chamarajanagar
Chamarajanagar,Gundlupete PS
Chamarajanagar,Hanur PS
Chamarajanagar,Kollegala Rural PS
Chamarajanagar,Kollegala Town PS
Chamarajanagar,Kuderu PS
Chamarajanagar,Lokayukta Chamarajanagar
Chamarajanagar,M.M. Hills PS
Chamarajanagar,MCU Chamarajanagar
Chamarajanagar,Mambali PS
Chamarajanagar,Ramapura PS
Chamarajanagar,SMMC Chamarajanagar
Chamarajanagar,Santemaralli PS
Chamarajanagar,State INT Chamarajanagar
Chamarajanagar,Terakanambi PS
Chamarajanagar,Yelandur PS
Chikkaballapura,Bagepalli PS
Chikkaballapura,Batlahalli PS
Chikkaballapura,Chelur PS
Chikkaballapura,Chikkaballapura
Chikkaballapura,Chikkaballapura CEN Crime PS
Chikkaballapura,Chikkaballapura Rural PS
Chikkaballapura,Chikkaballapura Town PS
Chikkaballapura,Chikkaballapura Traffic PS
Chikkaballapura,Chikkaballapura Women PS
Chikkaballapura,Chintamani Rural PS
Chikkaballapura,Chintamani Town PS
Chikkaballapura,Computer Sec Chikkaballapura
Chikkaballapura,Control Room Chikkaballapura
Chikkaballapura,DAR Chikkaballapura
Chikkaballapura,DCRB Chikkaballapura
Chikkaballapura,DCRE Chikkaballapura
Chikkaballapura,DPO Chikkaballapura
Chikkaballapura,DSB Chikkaballapura
Chikkaballapura,Dibburahalli PS
Chikkaballapura,ESCOM Chikkaballapura
Chikkaballapura,FPB Chikkaballapura
Chikkaballapura,Gowribidanur Rural PS
Chikkaballapura,Gowribidanur Town PS
Chikkaballapura,Gudibande PS
Chikkaballapura,Kencharlahalli PS
Chikkaballapura,Lokayukta Chikkaballapura
Chikkaballapura,MCU Chikkaballapura
Chikkaballapura,Manchenalli PS
Chikkaballapura,Nandi Giridhama PS
Chikkaballapura,Patapalya PS
Chikkaballapura,Peresandra PS
Chikkaballapura,SMMC Chikkaballapura
Chikkaballapura,Shidlagatta Rural PS
Chikkaballapura,Shidlaghatta Town PS
Chikkaballapura,State INT Chikkaballapura
Chikkamagaluru,Ajjampura PS
Chikkamagaluru,Aldur PS
Chikkamagaluru,Balehonnur PS
Chikkamagaluru,Balur PS
Chikkamagaluru,Banakal PS
Chikkamagaluru,Basavanahalli PS
Chikkamagaluru,Birur PS
Chikkamagaluru,Chickmagalur CEN Crime PS
Chikkamagaluru,Chickmagalur Rural PS
Chikkamagaluru,Chickmagalur Town PS
Chikkamagaluru,Chickmagalur Traffic PS
Chikkamagaluru,Chickmagalur Women PS
Chikkamagaluru,Chikkamagaluru
Chikkamagaluru,Computer Sec Chikkamagaluru
Chikkamagaluru,Control Room Chikkamagaluru
Chikkamagaluru,DAR Chikkamagaluru
Chikkamagaluru,DCRB Chikkamagaluru
Chikkamagaluru,DCRE Chikkamagaluru
Chikkamagaluru,DPO Chikkamagaluru
Chikkamagaluru,DSB Chikkamagaluru
Chikkamagaluru,ESCOM Chikkamagaluru
Chikkamagaluru,FPB Chikkamagaluru
Chikkamagaluru,Gonibeedu PS
Chikkamagaluru,Hariharapura PS
Chikkamagaluru,Jayapura PS
Chikkamagaluru,Kadur PS
Chikkamagaluru,Kalasa PS
Chikkamagaluru,Koppa PS
Chikkamagaluru,Kuduremukh PS
Chikkamagaluru,Lakkavalli PS
Chikkamagaluru,Lingadahalli PS
Chikkamagaluru,Lokayukta Chikkamagaluru
Chikkamagaluru,MCU Chikkamagaluru
Chikkamagaluru,Mallanduru PS
Chikkamagaluru,Mudigere PS
Chikkamagaluru,N.R. Pura PS
Chikkamagaluru,Panchanahalli PS
Chikkamagaluru,SMMC Chikkamagaluru
Chikkamagaluru,Sakkaraya Patna PS
Chikkamagaluru,Singatagere PS
Chikkamagaluru,Sringeri PS
Chikkamagaluru,State INT Chikkamagaluru
Chikkamagaluru,Tarikere Town PS
Chikkamagaluru,Test PS District 1
Chikkamagaluru,Yagati PS
Chitradurga,Abbinahole PS
Chitradurga,Bharamasagara PS
Chitradurga,Challakere PS
Chitradurga,Chikkajajur PS
Chitradurga,Chitradurga
Chitradurga,Chitradurga CEN Crime PS
Chitradurga,Chitradurga Extension PS
Chitradurga,Chitradurga Kote PS
Chitradurga,Chitradurga Rural PS
Chitradurga,Chitradurga Town PS
Chitradurga,Chitradurga Traffic PS
Chitradurga,Chitradurga Women PS
Chitradurga,Chitrahalli Gate PS
Chitradurga,Computer Sec Chitradurga
Chitradurga,Control Room Chitradurga
Chitradurga,DAR Chitradurga
Chitradurga,DCRB Chitradurga
Chitradurga,DCRE Chitradurga
Chitradurga,DPO Chitradurga
Chitradurga,DSB Chitradurga
Chitradurga,ESCOM Chitradurga
Chitradurga,FPB Chitradurga
Chitradurga,Hiriyur Rural PS
Chitradurga,Hiriyur Town PS
Chitradurga,Holalkere PS
Chitradurga,Hosadurga PS
Chitradurga,Imangala PS
Chitradurga,Lokayukta Chitradurga
Chitradurga,MCU Chitradurga
Chitradurga,Molakalmuru PS
Chitradurga,Nayakanhatti PS
Chitradurga,Parasurampura PS
Chitradurga,Rampura PS
Chitradurga,SMMC Chitradurga
Chitradurga,Srirampura PS
Chitradurga,State INT Chitradurga
Chitradurga,Thalak PS
Chitradurga,Turuvanur (Jogi) PS
Dakshina Kannada,Bantwala Rural PS
Dakshina Kannada,Bantwala Town PS
Dakshina Kannada,Bantwala Traffic PS
Dakshina Kannada,Bellare PS
Dakshina Kannada,Belthangadi PS
Dakshina Kannada,Belthangadi Traffic PS
Dakshina Kannada,Computer Sec Dakshina Kannada
Dakshina Kannada,Control Room Dakshina Kannada
Dakshina Kannada,DAR Dakshina Kannada
Dakshina Kannada,DCRB Dakshina Kannada
Dakshina Kannada,DCRE Dakshina Kannada
Dakshina Kannada,DK CEN Crime PS
Dakshina Kannada,DK Women PS
Dakshina Kannada,DPO Dakshina Kannada
Dakshina Kannada,DSB Dakshina Kannada
Dakshina Kannada,Dakshina Kannada
Dakshina Kannada,Dharmasthala PS
Dakshina Kannada,ESCOM Dakshina Kannada
Dakshina Kannada,FPB Dakshina Kannada
Dakshina Kannada,Kadaba PS
Dakshina Kannada,Lokayukta Dakshina Kannada
Dakshina Kannada,MCU Dakshina Kannada
Dakshina Kannada,Punjalkatte PS
Dakshina Kannada,Puttur Rural PS
Dakshina Kannada,Puttur Town PS
Dakshina Kannada,Puttur Traffic PS
Dakshina Kannada,SMMC Dakshina Kannada
Dakshina Kannada,State INT Dakshina Kannada
Dakshina Kannada,Subramanya PS
Dakshina Kannada,Sullia PS
Dakshina Kannada,Uppinangadi PS
Dakshina Kannada,Venoor PS
Dakshina Kannada,Vitla PS
Davanagere,Azad Nagar PS
Davanagere,Basavanagara PS
Davanagere,Basavapatna PS
Davanagere,Bilichodu PS
Davanagere,Channagiri PS
Davanagere,Computer Sec Davanagere
Davanagere,Control Room Davanagere
Davanagere,DAR Davanagere
Davanagere,DCRB Davanagere
Davanagere,DCRE Davanagere
Davanagere,DPO Davanagere
Davanagere,DSB Davanagere
Davanagere,Davanagere
Davanagere,Davanagere CEN Crime PS
Davanagere,Davanagere Extention PS
Davanagere,Davanagere Rural PS
Davanagere,Davanagere South Traffic PS
Davanagere,Davanagere Women PS
Davanagere,Davangere North Traffic PS
Davanagere,ESCOM Davanagere
Davanagere,FPB Davanagere
Davanagere,Gandhi Nagar PS
Davanagere,Hadadi PS
Davanagere,Harihara Rural PS
Davanagere,Harihara Town PS
Davanagere,Honnali PS
Davanagere,Jagalur PS
Davanagere,KTJ Nagar PS
Davanagere,Lokayukta Davanagere
Davanagere,MCU Davanagere
Davanagere,Malebennur PS
Davanagere,Mayakonda PS
Davanagere,Nyamathi PS
Davanagere,RMC Yard PS
Davanagere,SMMC Davanagere
Davanagere,Santhebennur PS
Davanagere,State INT Davanagere
Davanagere,Vidyanagar PS
Dharwad,Alnavar PS
Dharwad,Annigeri PS
Dharwad,Computer Sec Dharwad
Dharwad,Control Room Dharwad
Dharwad,DAR Dharwad
Dharwad,DCRB Dharwad
Dharwad,DCRE Dharwad
Dharwad,DPO Dharwad
Dharwad,DSB Dharwad
Dharwad,Dharwad
Dharwad,Dharwad CEN Crime PS
Dharwad,Dharwad Rural PS
Dharwad,Dharwad Women PS
Dharwad,ESCOM Dharwad
Dharwad,FPB Dharwad
Dharwad,Garag PS
Dharwad,Gudageri PS
Dharwad,Hubli Rural PS
Dharwad,Kalaghatagi PS
Dharwad,Kundagol PS
Dharwad,Lokayukta Dharwad
Dharwad,MCU Dharwad
Dharwad,Navalgund PS
Dharwad,SMMC Dharwad
Dharwad,State INT Dharwad
Gadag,Betageri Extention PS
Gadag,Betageri PS
Gadag,Computer Sec Gadag
Gadag,Control Room Gadag
Gadag,DAR Gadag
Gadag,DCRB Gadag
Gadag,DCRE Gadag
Gadag,DPO Gadag
Gadag,DSB Gadag
Gadag,ESCOM Gadag
Gadag,FPB Gadag
Gadag,Gadag
Gadag,Gadag CEN Crime PS
Gadag,Gadag Rural PS
Gadag,Gadag Town PS
Gadag,Gadag Traffic PS
Gadag,Gadag Women PS
Gadag,Gajendragad PS
Gadag,Lakshmeshwar PS
Gadag,Lokayukta Gadag
Gadag,MCU Gadag
Gadag,Mulagund PS
Gadag,Mundargi PS
Gadag,Naregal PS
Gadag,Nargund PS
Gadag,Ron PS
Gadag,SMMC Gadag
Gadag,Shirahatti PS
Gadag,State INT Gadag
Hassan,Alur PS
Hassan,Arakalagud PS
Hassan,Arasikere Rural PS
Hassan,Arasikere Town PS
Hassan,Arehalli PS
Hassan,Banavara PS
Hassan,Belur PS
Hassan,Channarayapatna Rural PS
Hassan,Channarayapatna Town PS
Hassan,Channarayapatna Traffic PS
Hassan,Computer Sec Hassan
Hassan,Control Room Hassan
Hassan,DAR Hassan
Hassan,DCRB Hassan
Hassan,DCRE Hassan
Hassan,DPO Hassan
Hassan,DSB Hassan
Hassan,Dudda PS
Hassan,ESCOM Hassan
Hassan,FPB Hassan
Hassan,Gandasi PS
Hassan,Goruru PS
Hassan,Halebeedu PS
Hassan,Hallymysore PS
Hassan,Hassan
Hassan,Hassan CEN Crime PS
Hassan,Hassan City PS
Hassan,Hassan Extn. PS
Hassan,Hassan Rural PS
Hassan,Hassan Traffic PS
Hassan,Hassan Women PS
Hassan,Hirisave PS
Hassan,Holenarasipura Rural PS
Hassan,Holenarasipura Town PS
Hassan,Javagal PS
Hassan,Konanur PS
Hassan,Lokayukta Hassan
Hassan,MCU Hassan
Hassan,Nuggehalli PS
Hassan,Pension Mohalla PS
Hassan,SMMC Hassan
Hassan,Sakaleshpura Rural PS
Hassan,Sakaleshpura Town PS
Hassan,Shanthigrama PS
Hassan,Shravanabelagola PS
Hassan,State INT Hassan
Hassan,Yeslur PS
Haveri,Adur PS
Haveri,Bankapura PS
Haveri,Byadagi PS
Haveri,Computer Sec Haveri
Haveri,Control Room Haveri
Haveri,DAR Haveri
Haveri,DCRB Haveri
Haveri,DCRE Haveri
Haveri,DPO Haveri
Haveri,DSB Haveri
Haveri,ESCOM Haveri
Haveri,FPB Haveri
Haveri,Guttal PS
Haveri,Halageri PS
Haveri,Hanagal PS
Haveri,Hansabhavi PS
Haveri,Haveri
Haveri,Haveri CEN Crime PS
Haveri,Haveri Rural PS
Haveri,Haveri Town PS
Haveri,Haveri Traffic PS
Haveri,Haveri Women PS
Haveri,Hirekerur PS
Haveri,Hulagur PS
Haveri,Kaginele PS
Haveri,Kumarapattanam PS
Haveri,Lokayukta Haveri
Haveri,MCU Haveri
Haveri,Ranebennur Rural PS
Haveri,Ranebennur Town PS
Haveri,Ranebennur Traffic PS
Haveri,Rattihalli PS
Haveri,SMMC Haveri
Haveri,Savanoor PS
Haveri,Shiggaon PS
Haveri,State INT Haveri
Haveri,Tadas PS
Hubballi Dharwad City,APMC Navanagar
Hubballi Dharwad City,Ashoknagar PS
Hubballi Dharwad City,Bendigeri PS
Hubballi Dharwad City,CEN Crime PS Hubballi Dharwad City
Hubballi Dharwad City,Computer Sec Hubballi Dharwad City
Hubballi Dharwad City,Control Room Hubballi Dharwad City
Hubballi Dharwad City,DAR Hubballi Dharwad City
Hubballi Dharwad City,DCRB Hubballi Dharwad City
Hubballi Dharwad City,DCRE Hubballi Dharwad City
Hubballi Dharwad City,DPO Hubballi Dharwad City
Hubballi Dharwad City,DSB Hubballi Dharwad City
Hubballi Dharwad City,Dharwad Sub-Urban PS
Hubballi Dharwad City,Dharwad Town PS
Hubballi Dharwad City,Dharwad Traffic PS
Hubballi Dharwad City,E and N Crime PS HD city
Hubballi Dharwad City,ESCOM Hubballi Dharwad City
Hubballi Dharwad City,FPB Hubballi Dharwad City
Hubballi Dharwad City,Ghantikeri PS
Hubballi Dharwad City,Gokul Road PS
Hubballi Dharwad City,HD City Women PS
Hubballi Dharwad City,Hubballi Dharwad City
Hubballi Dharwad City,Hubballi East Traffic PS
Hubballi Dharwad City,Hubballi North Traffic PS
Hubballi Dharwad City,Hubballi South Traffic PS
Hubballi Dharwad City,Hubballi Sub Urban PS
Hubballi Dharwad City,Hubballi Town PS
Hubballi Dharwad City,Kamaripeth PS
Hubballi Dharwad City,Kasabapeth PS
Hubballi Dharwad City,Keshavapur PS
Hubballi Dharwad City,Lokayukta Hubballi Dharwad City
Hubballi Dharwad City,MCU Hubballi Dharwad City
Hubballi Dharwad City,Old Hubballi PS
Hubballi Dharwad City,SMMC Hubballi Dharwad City
Hubballi Dharwad City,State INT Hubballi Dharwad City
Hubballi Dharwad City,Vidyagiri PS
Hubballi Dharwad City,Vidyanagar PS
K.G.F,Andersonpet PS
K.G.F,BEML Nagar PS
K.G.F,Bangarpet PS
K.G.F,Bethamangala PS
K.G.F,Budikote PS
K.G.F,Champion Reefs PS
K.G.F,Computer Sec K.G.F
K.G.F,Control Room K.G.F
K.G.F,DAR K.G.F
K.G.F,DCRB K.G.F
K.G.F,DCRE K.G.F
K.G.F,DPO K.G.F
K.G.F,DSB K.G.F
K.G.F,ESCOM K.G.F
K.G.F,FPB K.G.F
K.G.F,K.G.F
K.G.F,KGF CEN Crime PS
K.G.F,Kamasamudram PS
K.G.F,Kyasamballi PS
K.G.F,Lokayukta K.G.F
K.G.F,MCU K.G.F
K.G.F,Marikuppam PS
K.G.F,Oorgaum PS
K.G.F,Robertsonpet PS
K.G.F,SMMC K.G.F
K.G.F,State INT K.G.F
Kalaburagi,Afzalpur PS
Kalaburagi,Alland PS
Kalaburagi,Chincholi PS
Kalaburagi,Chittapura PS
Kalaburagi,Computer Sec Kalaburagi
Kalaburagi,Control Room Kalaburagi
Kalaburagi,DAR Kalaburagi
Kalaburagi,DCRB Kalaburagi
Kalaburagi,DCRE Kalaburagi
Kalaburagi,DPO Kalaburagi
Kalaburagi,DSB Kalaburagi
Kalaburagi,Devalagangapur PS
Kalaburagi,ESCOM Kalaburagi
Kalaburagi,FPB Kalaburagi
Kalaburagi,Jewargi PS
Kalaburagi,Kalaburagi
Kalaburagi,Kalaburagi CEN Crime PS
Kalaburagi,Kalaburagi Women PS
Kalaburagi,Kalagi PS
Kalaburagi,Kamalapur PS
Kalaburagi,Kunchavaram PS
Kalaburagi,Kurakunta PS
Kalaburagi,Lokayukta Kalaburagi
Kalaburagi,MCU Kalaburagi
Kalaburagi,Madanahipparga PS
Kalaburagi,Madbool PS
Kalaburagi,Mahagoan PS
Kalaburagi,Malkhed PS
Kalaburagi,Miryan PS
Kalaburagi,Mudhol PS
Kalaburagi,Narona PS
Kalaburagi,Nelogi PS
Kalaburagi,Nimbarga PS
Kalaburagi,Ratkal PS
Kalaburagi,Revoor PS
Kalaburagi,SMMC Kalaburagi
Kalaburagi,Sedam PS
Kalaburagi,Shahabad Town PS
Kalaburagi,State INT Kalaburagi
Kalaburagi,Sulepet PS
Kalaburagi,Wadi PS
Kalaburagi,Yedrami PS
Kalaburagi City,Ashoknagar PS
Kalaburagi City,Brahmapur PS
Kalaburagi City,Chowk PS
Kalaburagi City,Computer Sec Kalaburagi City
Kalaburagi City,Control Room Kalaburagi City
Kalaburagi City,DAR Kalaburagi City
Kalaburagi City,DCRB Kalaburagi City
Kalaburagi City,DCRE Kalaburagi City
Kalaburagi City,DPO Kalaburagi City
Kalaburagi City,DSB Kalaburagi City
Kalaburagi City,ESCOM Kalaburagi City
Kalaburagi City,FPB Kalaburagi City
Kalaburagi City,Ferhatabad PS
Kalaburagi City,Kalaburagi City
Kalaburagi City,Kalaburagi City CENCrime PS
Kalaburagi City,Kalaburagi City Women PS
Kalaburagi City,Kalaburagi Traffic I PS
Kalaburagi City,Kalaburagi Traffic II PS
Kalaburagi City,Lokayukta Kalaburagi City
Kalaburagi City,MB Nagar PS
Kalaburagi City,MCU Kalaburagi City
Kalaburagi City,Ragavendranagar PS
Kalaburagi City,Roza PS
Kalaburagi City,SMMC Kalaburagi City
Kalaburagi City,State INT Kalaburagi City
Kalaburagi City,Station Bazar PS
Kalaburagi City,Sub Urban PS
Kalaburagi City,University PS
Kodagu,Bhagamandala PS
Kodagu,Computer Sec Kodagu
Kodagu,Control Room Kodagu
Kodagu,DAR Kodagu
Kodagu,DCRB Kodagu
Kodagu,DCRE Kodagu
Kodagu,DPO Kodagu
Kodagu,DSB Kodagu
Kodagu,ESCOM Kodagu
Kodagu,FPB Kodagu
Kodagu,Gonikoppa PS
Kodagu,Kodagu
Kodagu,Kodagu CEN Crime PS
Kodagu,Kodagu Women PS
Kodagu,Kushalanagar Rural PS
Kodagu,Kushalnagar Town PS
Kodagu,Kushalnagar Traffic PS
Kodagu,Kutta PS
Kodagu,Lokayukta Kodagu
Kodagu,MCU Kodagu
Kodagu,Madikeri Rural PS
Kodagu,Madikeri Town PS
Kodagu,Madikeri Traffic PS
Kodagu,Napoklu PS
Kodagu,Ponnampet PS
Kodagu,SMMC Kodagu
Kodagu,Shanivarasanthe PS
Kodagu,Siddapura PS
Kodagu,Somwarpet PS
Kodagu,Srimangala PS
Kodagu,State INT Kodagu
Kodagu,Sunticoppa PS
Kodagu,Virajpet Rural PS
Kodagu,Virajpet Town PS
Kolar,Computer Sec Kolar
Kolar,Control Room Kolar
Kolar,DAR Kolar
Kolar,DCRB Kolar
Kolar,DCRE Kolar
Kolar,DPO Kolar
Kolar,DSB Kolar
Kolar,ESCOM Kolar
Kolar,FPB Kolar
Kolar,Gownapalli PS
Kolar,Gulpet PS
Kolar,Kolar
Kolar,Kolar CEN Crime PS
Kolar,Kolar Rural PS
Kolar,Kolar Town PS
Kolar,Kolar Traffic PS
Kolar,Kolar Women PS
Kolar,Lokayukta Kolar
Kolar,MCU Kolar
Kolar,Malur PS
Kolar,Masti PS
Kolar,Mulbagal Rural PS
Kolar,Mulbagal Town PS
Kolar,Nangli PS
Kolar,Rayalpad PS
Kolar,SMMC Kolar
Kolar,Srinivasapura PS
Kolar,State INT Kolar
Kolar,Vemagal PS
Koppal,Alwandi PS
Koppal,Bevoor PS
Koppal,Computer Sec Koppal
Koppal,Control Room Koppal
Koppal,DAR Koppal
Koppal,DCRB Koppal
Koppal,DCRE Koppal
Koppal,DPO Koppal
Koppal,DSB Koppal
Koppal,ESCOM Koppal
Koppal,FPB Koppal
Koppal,Gangavathi Rural PS
Koppal,Gangavathi Town PS
Koppal,Gangavathi Traffic PS
Koppal,Hanumasagar PS
Koppal,Kanakagiri PS
Koppal,Karatagi PS
Koppal,Koppal
Koppal,Koppal CEN Crime PS
Koppal,Koppal Rural PS
Koppal,Koppal Town PS
Koppal,Koppal Traffic PS
Koppal,Koppal Women PS
Koppal,Kuknoor PS
Koppal,Kushtagi PS
Koppal,Lokayukta Koppal
Koppal,MCU Koppal
Koppal,Munirabad PS
Koppal,SMMC Koppal
Koppal,State INT Koppal
Koppal,Tavaregera PS
Koppal,Yelburga PS
Mandya,Arakere PS
Mandya,Basaralu PS
Mandya,Belakavadi PS
Mandya,Bellur PS
Mandya,Besagaraghalli PS
Mandya,Bindiganavile PS
Mandya,Computer Sec Mandya
Mandya,Control Room Mandya
Mandya,DAR Mandya
Mandya,DCRB Mandya
Mandya,DCRE Mandya
Mandya,DPO Mandya
Mandya,DSB Mandya
Mandya,ESCOM Mandya
Mandya,FPB Mandya
Mandya,Halagur PS
Mandya,K.M. Doddi PS
Mandya,K.R. Pet Rural PS
Mandya,K.R. Pet Town PS
Mandya,K.R. Sagar PS
Mandya,Keragodu PS
Mandya,Kesthur PS
Mandya,Kikkeri PS
Mandya,Kirugavalu PS
Mandya,Koppa PS
Mandya,Lokayukta Mandya
Mandya,MCU Mandya
Mandya,Maddur PS
Mandya,Maddur Traffic PS
Mandya,Malavalli Rural PS
Mandya,Malavalli Town PS
Mandya,Mandya
Mandya,Mandya CEN Crime PS
Mandya,Mandya Central PS
Mandya,Mandya East PS
Mandya,Mandya Rural PS
Mandya,Mandya Traffic PS
Mandya,Mandya West PS
Mandya,Mandya Women PS
Mandya,Melukote PS
Mandya,Nagamangala Rural PS
Mandya,Nagamangala Town PS
Mandya,Pandavapura PS
Mandya,SMMC Mandya
Mandya,Shivalli PS
Mandya,Srirangapatna PS
Mandya,Srirangapatna Rural PS
Mandya,State INT Mandya
Mangaluru City,Bajpe PS
Mangaluru City,Barke PS
Mangaluru City,CEN Crime PS Mangaluru City
Mangaluru City,Computer Sec Mangaluru City
Mangaluru City,Control Room Mangaluru City
Mangaluru City,DAR Mangaluru City
Mangaluru City,DCRB Mangaluru City
Mangaluru City,DCRE Mangaluru City
Mangaluru City,DPO Mangaluru City
Mangaluru City,DSB Mangaluru City
Mangaluru City,E and N Crime PS Mangaluru City
Mangaluru City,ESCOM Mangaluru City
Mangaluru City,FPB Mangaluru City
Mangaluru City,Kankanady Town PS
Mangaluru City,Kavoor PS
Mangaluru City,Lokayukta Mangaluru City
Mangaluru City,MCU Mangaluru City
Mangaluru City,Mangalore East PS
Mangaluru City,Mangalore East Traffic PS
Mangaluru City,Mangalore North PS
Mangaluru City,Mangalore Rural PS
Mangaluru City,Mangalore South PS
Mangaluru City,Mangalore West Traffic PS
Mangaluru City,Mangalore Women PS
Mangaluru City,Mangaluru City
Mangaluru City,Moodabidre PS
Mangaluru City,Mulki PS
Mangaluru City,SMMC Mangaluru City
Mangaluru City,State INT Mangaluru City
Mangaluru City,Surathkal PS
Mangaluru City,Traffic North Police Station
Mangaluru City,Traffic South Police Station
Mangaluru City,Ullal PS
Mangaluru City,Urva PS
Mysuru City,Alanahally PS
Mysuru City,Ashokpuram PS
Mysuru City,CEN Crime PS Mysuru City
Mysuru City,Computer Sec Mysuru City
Mysuru City,Control Room Mysuru City
Mysuru City,DAR Mysuru City
Mysuru City,DCRB Mysuru City
Mysuru City,DCRE Mysuru City
Mysuru City,DPO Mysuru City
Mysuru City,DSB Mysuru City
Mysuru City,Devaraja PS
Mysuru City,Deveraja Traffic PS
Mysuru City,E and N Crime PS Mysuru City
Mysuru City,ESCOM Mysuru City
Mysuru City,FPB Mysuru City
Mysuru City,Hebbal PS
Mysuru City,Jayalakshmipuram PS
Mysuru City,Krishnaraja PS
Mysuru City,Krishnaraja Traffic PS
Mysuru City,Kuvempunagar PS
Mysuru City,Lashkar PS
Mysuru City,Laxmipuram PS
Mysuru City,Lokayukta Mysuru City
Mysuru City,MCU Mysuru City
Mysuru City,Mandi PS
Mysuru City,Metagalli PS
Mysuru City,Mysuru City
Mysuru City,Mysuru City Women PS
Mysuru City,Narasimharaja PS
Mysuru City,Narasimharaja Traffic PS
Mysuru City,Nazarbad PS
Mysuru City,SMMC Mysuru City
Mysuru City,Saraswathipuram PS
Mysuru City,Siddarthanagar Traffic PS
Mysuru City,State INT Mysuru City
Mysuru City,Udayagiri PS
Mysuru City,V V Puram Traffic PS
Mysuru City,V.V. Puram PS
Mysuru City,Vidyaranyarpuram PS
Mysuru City,Vijayanagar PS
Mysuru Dist,Bannur PS
Mysuru Dist,Beechanahalli PS
Mysuru Dist,Bettadapura PS
Mysuru Dist,Biligere PS
Mysuru Dist,Bilikere PS
Mysuru Dist,Bylakuppe PS
Mysuru Dist,Computer Sec Mysuru Dist
Mysuru Dist,Control Room Mysuru Dist
Mysuru Dist,DAR Mysuru Dist
Mysuru Dist,DCRB Mysuru Dist
Mysuru Dist,DCRE Mysuru Dist
Mysuru Dist,DPO Mysuru Dist
Mysuru Dist,DSB Mysuru Dist
Mysuru Dist,ESCOM Mysuru Dist
Mysuru Dist,FPB Mysuru Dist
Mysuru Dist,H.D. Kote PS
Mysuru Dist,Hullahalli PS
Mysuru Dist,Hunusur Rural PS
Mysuru Dist,Hunusur Town PS
Mysuru Dist,Jayapura PS
Mysuru Dist,K.R. Nagar PS
Mysuru Dist,Kowlande PS
Mysuru Dist,Lokayukta Mysuru Dist
Mysuru Dist,MCU Mysuru Dist
Mysuru Dist,Mysuru CEN Crime PS
Mysuru Dist,Mysuru Dist
Mysuru Dist,Mysuru South PS
Mysuru Dist,Mysuru Women PS
Mysuru Dist,Nanjanagudu Rural PS
Mysuru Dist,Nanjanagudu Town PS
Mysuru Dist,Nanjangudu Traffic PS
Mysuru Dist,Periyapatna PS
Mysuru Dist,SMMC Mysuru Dist
Mysuru Dist,Saligrama PS
Mysuru Dist,Saragur PS
Mysuru Dist,State INT Mysuru Dist
Mysuru Dist,T. Narasipura PS
Mysuru Dist,Talakadu PS
Mysuru Dist,Varuna PS
Mysuru Dist,Yelawala PS
Raichur,Balaganoor PS
Raichur,Computer Sec Raichur
Raichur,Control Room Raichur
Raichur,DAR Raichur
Raichur,DCRB Raichur
Raichur,DCRE Raichur
Raichur,DPO Raichur
Raichur,DSB Raichur
Raichur,Devadurga PS
Raichur,Devadurga Traffic PS
Raichur,ESCOM Raichur
Raichur,FPB Raichur
Raichur,Gabbur PS
Raichur,Hutti PS
Raichur,Idapanur PS
Raichur,Jalhalli PS
Raichur,Kowthal PS
Raichur,Lingasugur PS
Raichur,Lokayukta Raichur
Raichur,MCU Raichur
Raichur,Manvi PS
Raichur,Market Yard PS
Raichur,Maski PS
Raichur,Mudgal PS
Raichur,Netajinagar PS
Raichur,Raichur
Raichur,Raichur CEN Crime PS
Raichur,Raichur Rural PS
Raichur,Raichur Traffic PS
Raichur,Raichur West PS
Raichur,Raichur Women PS
Raichur,SMMC Raichur
Raichur,Sadar Bazar PS
Raichur,Shakti Nagar PS
Raichur,Sindanoor Rural PS
Raichur,Sindanur Traffic PS
Raichur,Sindhanoor Town PS
Raichur,Sirwar PS
Raichur,State INT Raichur
Raichur,Turvihal PS
Raichur,Yapaladinni PS
Raichur,Yeregera PS
Ramanagara,Akkur PS
Ramanagara,Bidadi PS
Ramanagara,Channapatna East PS
Ramanagara,Channapatna Rural PS
Ramanagara,Channapatna Town PS
Ramanagara,Channapatna Traffic PS
Ramanagara,Computer Sec Ramanagara
Ramanagara,Control Room Ramanagara
Ramanagara,DAR Ramanagara
Ramanagara,DCRB Ramanagara
Ramanagara,DCRE Ramanagara
Ramanagara,DPO Ramanagara
Ramanagara,DSB Ramanagara
Ramanagara,ESCOM Ramanagara
Ramanagara,FPB Ramanagara
Ramanagara,Harohalli PS
Ramanagara,Ijoor PS
Ramanagara,Kaggalipura PS
Ramanagara,Kanakapura Rural PS
Ramanagara,Kanakapura Town PS
Ramanagara,Kanakapura Traffic PS
Ramanagara,Kodihalli PS
Ramanagara,Kudur PS
Ramanagara,Kumbalagudu PS
Ramanagara,Lokayukta Ramanagara
Ramanagara,M.K. Doddi PS
Ramanagara,MCU Ramanagara
Ramanagara,Magadi PS
Ramanagara,Ramanagara
Ramanagara,Ramanagara CEN Crime PS
Ramanagara,Ramanagara Rural PS
Ramanagara,Ramanagara Town PS
Ramanagara,Ramanagara Traffic PS
Ramanagara,Ramanagara Women PS
Ramanagara,SMMC Ramanagara
Ramanagara,Sathanoor PS
Ramanagara,State INT Ramanagara
Ramanagara,Tavarekere PS
Shivamogga,Agumbe PS
Shivamogga,Anandapura PS
Shivamogga,Anavatti PS
Shivamogga,Bhadravathi New Town PS
Shivamogga,Bhadravathi Old Town PS
Shivamogga,Bhadravathi Rural PS
Shivamogga,Bhadravathi Traffic PS
Shivamogga,Computer Sec Shivamogga
Shivamogga,Control Room Shivamogga
Shivamogga,DAR Shivamogga
Shivamogga,DCRB Shivamogga
Shivamogga,DCRE Shivamogga
Shivamogga,DPO Shivamogga
Shivamogga,DSB Shivamogga
Shivamogga,Doddapete PS
Shivamogga,ESCOM Shivamogga
Shivamogga,FPB Shivamogga
Shivamogga,Holehonnur PS
Shivamogga,Hosamane PS
Shivamogga,Hosanagara PS
Shivamogga,Jayanagara PS
Shivamogga,Kargal PS
Shivamogga,Kote PS
Shivamogga,Kumsi PS
Shivamogga,Lokayukta Shivamogga
Shivamogga,MCU Shivamogga
Shivamogga,Malur PS
Shivamogga,Nagara PS
Shivamogga,Paper Town PS
Shivamogga,Ripponpet PS
Shivamogga,SMMC Shivamogga
Shivamogga,Sagar Rural PS
Shivamogga,Sagar Town PS
Shivamogga,Shikaripura Rural PS
Shivamogga,Shikaripura Town PS
Shivamogga,Shiralakoppa PS
Shivamogga,Shivamogga
Shivamogga,Shivamogga CEN Crime PS
Shivamogga,Shivamogga East Traffic PS
Shivamogga,Shivamogga Rural PS
Shivamogga,Shivamogga West Traffic PS
Shivamogga,Shivamogga Women PS
Shivamogga,Soraba PS
Shivamogga,State INT Shivamogga
Shivamogga,Thirthahalli PS
Shivamogga,Tunga Nagar PS
Shivamogga,Vinobanagara PS
Tumakuru,Amruthur PS
Tumakuru,Arasikere PS
Tumakuru,Badavanahalli PS
Tumakuru,Bellavi PS
Tumakuru,Chandrashekarpura PS
Tumakuru,Chelur PS
Tumakuru,Chikkanayakanahalli PS
Tumakuru,Computer Sec Tumakuru
Tumakuru,Control Room Tumakuru
Tumakuru,DAR Tumakuru
Tumakuru,DCRB Tumakuru
Tumakuru,DCRE Tumakuru
Tumakuru,DPO Tumakuru
Tumakuru,DSB Tumakuru
Tumakuru,Dandina Shivara PS
Tumakuru,ESCOM Tumakuru
Tumakuru,FPB Tumakuru
Tumakuru,Gubbi PS
Tumakuru,Handanakere PS
Tumakuru,Hebbur PS
Tumakuru,Honnavalli PS
Tumakuru,Huliyar PS
Tumakuru,Huliyurdurga PS
Tumakuru,Jayanagara PS
Tumakuru,Kallambella PS
Tumakuru,Kibbanhalli PS
Tumakuru,Kodigenahalli PS
Tumakuru,Kolala PS
Tumakuru,Kora PS
Tumakuru,Koratagere PS
Tumakuru,Kunigal PS
Tumakuru,Kyathasandra PS
Tumakuru,Lokayukta Tumakuru
Tumakuru,MCU Tumakuru
Tumakuru,Madhugiri PS
Tumakuru,Medigeshi PS
Tumakuru,New Extention PS
Tumakuru,Nonavinakere PS
Tumakuru,Patanayakanahalli PS
Tumakuru,Pavagada PS
Tumakuru,SMMC Tumakuru
Tumakuru,Sira PS
Tumakuru,State INT Tumakuru
Tumakuru,Tavarekere PS
Tumakuru,Thilak Park PS
Tumakuru,Thirumani PS
Tumakuru,Tiptur Rural PS
Tumakuru,Tiptur Town PS
Tumakuru,Tumakuru
Tumakuru,Tumakuru CEN Crime PS
Tumakuru,Tumakuru Rural PS
Tumakuru,Tumakuru Town PS
Tumakuru,Tumakuru Traffic PS
Tumakuru,Tumakuru Women PS
Tumakuru,Turuvekere PS
Tumakuru,Y.N. Hosakote PS
Udupi,Ajekar PS
Udupi,Amasebailu PS
Udupi,Brahmavar PS
Udupi,Byndoor PS
Udupi,Computer Sec Udupi
Udupi,Control Room Udupi
Udupi,DAR Udupi
Udupi,DCRB Udupi
Udupi,DCRE Udupi
Udupi,DPO Udupi
Udupi,DSB Udupi
Udupi,ESCOM Udupi
Udupi,FPB Udupi
Udupi,Gangolli PS
Udupi,Hebri PS
Udupi,Hiriadka PS
Udupi,Kapu PS
Udupi,Karkala Rural PS
Udupi,Karkala Town PS
Udupi,Kollur PS
Udupi,Kota PS
Udupi,Kundapura PS
Udupi,Kundapura Rural PS
Udupi,Kundapura Traffic PS
Udupi,Lokayukta Udupi
Udupi,MCU Udupi
Udupi,Malpe PS
Udupi,Manipal PS
Udupi,Padubidri PS
Udupi,SMMC Udupi
Udupi,Shankaranarayana PS
Udupi,Shirva PS
Udupi,State INT Udupi
Udupi,Udupi
Udupi,Udupi CEN Crime PS
Udupi,Udupi Town PS
Udupi,Udupi Traffic PS
Udupi,Udupi Women PS
Uttara Kannada,Ambikanagar PS
Uttara Kannada,Ankola PS
Uttara Kannada,Banavasi PS
Uttara Kannada,Bhatkal Rural PS
Uttara Kannada,Bhatkal Town PS
Uttara Kannada,Chittakula PS
Uttara Kannada,Computer Sec Uttara Kannada
Uttara Kannada,Control Room Uttara Kannada
Uttara Kannada,DAR Uttara Kannada
Uttara Kannada,DCRB Uttara Kannada
Uttara Kannada,DCRE Uttara Kannada
Uttara Kannada,DPO Uttara Kannada
Uttara Kannada,DSB Uttara Kannada
Uttara Kannada,Dandeli Rural PS
Uttara Kannada,Dandeli Town PS
Uttara Kannada,ESCOM Uttara Kannada
Uttara Kannada,FPB Uttara Kannada
Uttara Kannada,Gokarna PS
Uttara Kannada,Haliyal PS
Uttara Kannada,Honnavara PS
Uttara Kannada,Joida PS
Uttara Kannada,Kadra PS
Uttara Kannada,Karwar Railway PS
Uttara Kannada,Karwar Rural PS
Uttara Kannada,Karwar Town PS
Uttara Kannada,Karwar Traffic PS
Uttara Kannada,Kumta PS
Uttara Kannada,Lokayukta Uttara Kannada
Uttara Kannada,MCU Uttara Kannada
Uttara Kannada,Mallapura PS
Uttara Kannada,Manki PS
Uttara Kannada,Mundgod PS
Uttara Kannada,Murudeshwar PS
Uttara Kannada,Ramanagar PS
Uttara Kannada,SMMC Uttara Kannada
Uttara Kannada,Siddapura PS
Uttara Kannada,Sirsi New Market PS
Uttara Kannada,Sirsi Rural PS
Uttara Kannada,Sirsi Town PS
Uttara Kannada,State INT Uttara Kannada
Uttara Kannada,UK CEN Crime PS
Uttara Kannada,UK Women PS
Uttara Kannada,Uttara Kannada
Uttara Kannada,Yellapura PS
Vijayanagara,Arasikere PS
Vijayanagara,Chigateri PS
Vijayanagara,Chittavadagi PS
Vijayanagara,Computer Sec Vijayanagara
Vijayanagara,Control Room Vijayanagara
Vijayanagara,DAR Vijayanagara
Vijayanagara,DCRB Vijayanagara
Vijayanagara,DCRE Vijayanagara
Vijayanagara,DPO Vijayanagara
Vijayanagara,DSB Vijayanagara
Vijayanagara,ESCOM Vijayanagara
Vijayanagara,FPB Vijayanagara
Vijayanagara,Gudekote PS
Vijayanagara,Hadagali PS
Vijayanagara,Hagaribommanahalli PS
Vijayanagara,Halavagilu PS
Vijayanagara,Hampi Tourism PS
Vijayanagara,Hampi Traffic PS
Vijayanagara,Harapanahalli PS
Vijayanagara,Hirehadagali PS
Vijayanagara,Hosahalli PS
Vijayanagara,Hospet Extention PS
Vijayanagara,Hospet Rural PS
Vijayanagara,Hospet Town PS
Vijayanagara,Hospet Traffic PS
Vijayanagara,Ittigi PS
Vijayanagara,Kamalapur PS
Vijayanagara,Kottur PS
Vijayanagara,Kudligi PS
Vijayanagara,Lokayukta Vijayanagara
Vijayanagara,MCU Vijayanagara
Vijayanagara,Mariyammanahalli PS
Vijayanagara,SMMC Vijayanagara
Vijayanagara,State INT Vijayanagara
Vijayanagara,T.B. Dam PS
Vijayanagara,T.B. Halli PS
Vijayanagara,Vijayanagara
Vijayapur,APMC PS
Vijayapur,Adarsh Nagar PS
Vijayapur,Alamatti PS
Vijayapur,Almel PS
Vijayapur,Babaleshwar PS
Vijayapur,Basavan Bagewadi PS
Vijayapur,Chadachan PS
Vijayapur,Computer Sec Vijayapur
Vijayapur,Control Room Vijayapur
Vijayapur,DAR Vijayapur
Vijayapur,DCRB Vijayapur
Vijayapur,DCRE Vijayapur
Vijayapur,DPO Vijayapur
Vijayapur,DSB Vijayapur
Vijayapur,Devara Hipparagi PS
Vijayapur,ESCOM Vijayapur
Vijayapur,FPB Vijayapur
Vijayapur,Gandhi Chowk PS
Vijayapur,Golgumbaz PS
Vijayapur,Hortti PS
Vijayapur,Indi PS
Vijayapur,Indi Rural PS
Vijayapur,Jalanagar PS
Vijayapur,Kalkeri PS
Vijayapur,Kolhar PS
Vijayapur,Kudagi PS
Vijayapur,Lokayukta Vijayapur
Vijayapur,MCU Vijayapur
Vijayapur,Managuli PS
Vijayapur,Muddebihal PS
Vijayapur,Nidagundi PS
Vijayapur,SMMC Vijayapur
Vijayapur,Sindagi PS
Vijayapur,State INT Vijayapur
Vijayapur,Talikot PS
Vijayapur,Tikota PS
Vijayapur,Vijayapur
Vijayapur,Vijayapura CEN Crime PS
Vijayapur,Vijayapura Rural PS
Vijayapur,Vijayapura Traffic PS
Vijayapur,Vijayapura Women PS
Vijayapur,Zalaki PS
Yadgir,Bheemarayanagudi PS
Yadgir,Computer Sec Yadgir
Yadgir,Control Room Yadgir
Yadgir,DAR Yadgir
Yadgir,DCRB Yadgir
Yadgir,DCRE Yadgir
Yadgir,DPO Yadgir
Yadgir,DSB Yadgir
Yadgir,ESCOM Yadgir
Yadgir,FPB Yadgir
Yadgir,Gogi PS
Yadgir,Gurumitkal PS
Yadgir,Hunasagi PS
Yadgir,Kembhavi PS
Yadgir,Kodekal PS
Yadgir,Lokayukta Yadgir
Yadgir,MCU Yadgir
Yadgir,Narayanapura PS
Yadgir,SMMC Yadgir
Yadgir,Saidapur PS
Yadgir,Shahapur PS
Yadgir,Shorapur PS
Yadgir,State INT Yadgir
Yadgir,Wadigere PS
Yadgir,Yadgir
Yadgir,Yadgiri CEN Crime PS
Yadgir,Yadgiri Rural PS
Yadgir,Yadgiri Town PS
Yadgir,Yadgiri Traffic PS
Yadgir,Yadgiri Women PS
